Cluster,Model,Method,k,Basal,Her2,LumA,LumB,Normal,Normal_TCGA
1,Malignant_Subset,Hierarchical,3,128,0,0,1,8,1
2,Malignant_Subset,Hierarchical,3,0,8,112,79,0,0
3,Malignant_Subset,Hierarchical,3,11,58,307,112,10,0
1,Malignant_Subset,Hierarchical,4,128,0,0,1,8,1
2,Malignant_Subset,Hierarchical,4,0,8,112,79,0,0
3,Malignant_Subset,Hierarchical,4,0,2,129,8,5,0
4,Malignant_Subset,Hierarchical,4,11,56,178,104,5,0
1,Malignant_Subset,Hierarchical,5,128,0,0,1,8,1
2,Malignant_Subset,Hierarchical,5,0,8,112,79,0,0
3,Malignant_Subset,Hierarchical,5,0,2,129,8,5,0
4,Malignant_Subset,Hierarchical,5,5,37,7,20,1,0
5,Malignant_Subset,Hierarchical,5,6,19,171,84,4,0
1,Malignant_Subset,Hierarchical,6,49,0,0,0,1,0
2,Malignant_Subset,Hierarchical,6,79,0,0,1,7,1
3,Malignant_Subset,Hierarchical,6,0,8,112,79,0,0
4,Malignant_Subset,Hierarchical,6,0,2,129,8,5,0
5,Malignant_Subset,Hierarchical,6,5,37,7,20,1,0
6,Malignant_Subset,Hierarchical,6,6,19,171,84,4,0
1,Malignant_Subset,Hierarchical,7,49,0,0,0,1,0
2,Malignant_Subset,Hierarchical,7,79,0,0,1,7,1
3,Malignant_Subset,Hierarchical,7,0,8,112,79,0,0
4,Malignant_Subset,Hierarchical,7,0,2,129,8,5,0
5,Malignant_Subset,Hierarchical,7,5,37,7,20,1,0
6,Malignant_Subset,Hierarchical,7,1,18,51,70,0,0
7,Malignant_Subset,Hierarchical,7,5,1,120,14,4,0
1,Malignant_Subset,Hierarchical,8,49,0,0,0,1,0
2,Malignant_Subset,Hierarchical,8,79,0,0,1,7,1
3,Malignant_Subset,Hierarchical,8,0,0,32,34,0,0
4,Malignant_Subset,Hierarchical,8,0,8,80,45,0,0
5,Malignant_Subset,Hierarchical,8,0,2,129,8,5,0
6,Malignant_Subset,Hierarchical,8,5,37,7,20,1,0
7,Malignant_Subset,Hierarchical,8,1,18,51,70,0,0
8,Malignant_Subset,Hierarchical,8,5,1,120,14,4,0
0,Malignant_Subset,KMeans,3,2,16,247,39,13,1
1,Malignant_Subset,KMeans,3,0,22,172,151,2,0
2,Malignant_Subset,KMeans,3,137,28,0,2,3,0
0,Malignant_Subset,GMM,3,0,27,175,159,2,0
1,Malignant_Subset,GMM,3,138,32,0,4,4,0
2,Malignant_Subset,GMM,3,1,7,244,29,12,1
0,Malignant_Subset,KMeans,4,2,5,244,20,12,1
1,Malignant_Subset,KMeans,4,2,61,44,93,1,0
2,Malignant_Subset,KMeans,4,135,0,0,0,3,0
3,Malignant_Subset,KMeans,4,0,0,131,79,2,0
0,Malignant_Subset,GMM,4,0,4,91,63,2,0
1,Malignant_Subset,GMM,4,2,50,119,118,1,0
2,Malignant_Subset,GMM,4,0,3,209,11,12,1
3,Malignant_Subset,GMM,4,137,9,0,0,3,0
0,Malignant_Subset,KMeans,5,133,0,0,0,2,0
1,Malignant_Subset,KMeans,5,0,3,165,58,0,0
2,Malignant_Subset,KMeans,5,3,60,15,65,1,0
3,Malignant_Subset,KMeans,5,3,1,166,7,13,1
4,Malignant_Subset,KMeans,5,0,2,73,62,2,0
0,Malignant_Subset,GMM,5,0,4,54,49,2,0
1,Malignant_Subset,GMM,5,3,55,17,69,1,0
2,Malignant_Subset,GMM,5,0,3,144,60,0,0
3,Malignant_Subset,GMM,5,135,1,0,0,3,0
4,Malignant_Subset,GMM,5,1,3,204,14,12,1
0,Malignant_Subset,KMeans,6,70,1,0,0,3,0
1,Malignant_Subset,KMeans,6,0,7,129,86,0,0
2,Malignant_Subset,KMeans,6,3,53,17,43,2,0
3,Malignant_Subset,KMeans,6,1,3,212,13,11,1
4,Malignant_Subset,KMeans,6,0,2,61,50,1,0
5,Malignant_Subset,KMeans,6,65,0,0,0,1,0
0,Malignant_Subset,GMM,6,0,2,51,48,2,0
1,Malignant_Subset,GMM,6,2,53,20,69,1,0
2,Malignant_Subset,GMM,6,0,3,144,60,0,0
3,Malignant_Subset,GMM,6,51,3,0,1,1,0
4,Malignant_Subset,GMM,6,1,3,204,14,11,1
5,Malignant_Subset,GMM,6,85,2,0,0,3,0
0,Malignant_Subset,KMeans,7,86,1,0,0,3,0
1,Malignant_Subset,KMeans,7,0,1,39,27,0,0
2,Malignant_Subset,KMeans,7,2,55,14,50,1,0
3,Malignant_Subset,KMeans,7,50,0,0,0,1,0
4,Malignant_Subset,KMeans,7,1,3,196,12,11,1
5,Malignant_Subset,KMeans,7,0,0,52,44,2,0
6,Malignant_Subset,KMeans,7,0,6,118,59,0,0
0,Malignant_Subset,GMM,7,0,0,3,5,0,0
1,Malignant_Subset,GMM,7,2,54,19,63,1,0
2,Malignant_Subset,GMM,7,0,1,88,61,2,0
3,Malignant_Subset,GMM,7,51,2,0,0,1,0
4,Malignant_Subset,GMM,7,1,6,158,58,0,0
5,Malignant_Subset,GMM,7,85,2,0,0,3,0
6,Malignant_Subset,GMM,7,0,1,151,5,11,1
0,Malignant_Subset,KMeans,8,0,0,46,51,2,0
1,Malignant_Subset,KMeans,8,0,5,122,68,0,0
2,Malignant_Subset,KMeans,8,1,3,194,12,10,0
3,Malignant_Subset,KMeans,8,47,0,0,0,0,0
4,Malignant_Subset,KMeans,8,0,1,45,23,0,0
5,Malignant_Subset,KMeans,8,4,55,12,38,1,0
6,Malignant_Subset,KMeans,8,45,0,0,0,1,0
7,Malignant_Subset,KMeans,8,42,2,0,0,4,1
0,Malignant_Subset,GMM,8,0,0,8,16,0,0
1,Malignant_Subset,GMM,8,0,21,33,45,0,0
2,Malignant_Subset,GMM,8,0,0,52,27,1,0
3,Malignant_Subset,GMM,8,0,1,123,45,0,0
4,Malignant_Subset,GMM,8,61,2,0,1,1,0
5,Malignant_Subset,GMM,8,1,2,188,12,11,1
6,Malignant_Subset,GMM,8,1,38,15,46,2,0
7,Malignant_Subset,GMM,8,76,2,0,0,3,0
