Representation,Resample,n_subsample,ARI,NMI
raw_5000genes,1,7432,0.010673185560968107,0.030562360275712474
raw_5000genes,2,7432,0.0076076014568034174,0.023649842707956916
raw_5000genes,3,7432,0.0,0.0
raw_5000genes,4,7432,0.009075243281364888,0.02733550509262233
raw_5000genes,5,7432,0.0077747329808735945,0.022542787212125055
raw_5000genes,6,7432,0.0,0.0
raw_5000genes,7,7432,0.00847445427286524,0.027096139460034235
raw_5000genes,8,7432,0.0,0.0
raw_5000genes,9,7432,0.006690540712556138,0.02132329947417968
raw_5000genes,10,7432,0.0,0.0
raw_5000genes,11,7432,0.0,0.0
raw_5000genes,12,7432,0.009096699968558185,0.027213155483237494
raw_5000genes,13,7432,0.0,0.0
raw_5000genes,14,7432,0.0015213249884533787,0.00400631824930739
raw_5000genes,15,7432,0.0,0.0
raw_5000genes,16,7432,0.009276159770552411,0.027613441064749326
raw_5000genes,17,7432,0.0,0.0
raw_5000genes,18,7432,0.008009259998425316,0.024263497925018716
raw_5000genes,19,7432,0.005301191411210451,0.020212132098224127
raw_5000genes,20,7432,0.007758977143831803,0.023993873688250875
raw_5000genes,21,7432,0.010658059732425037,0.03239845051839513
raw_5000genes,22,7432,0.00646191479923847,0.02068838331298851
raw_5000genes,23,7432,0.0,0.0
raw_5000genes,24,7432,0.0014269727612659226,0.003897167141063872
raw_5000genes,25,7432,0.00995610135237692,0.029194726860114324
raw_5000genes,26,7432,0.0065852553734177584,0.020419624489692825
raw_5000genes,27,7432,0.006592318153838262,0.02070444150864091
raw_5000genes,28,7432,0.00910864430597455,0.027786635376728902
raw_5000genes,29,7432,0.008836489269934442,0.027831200121170713
raw_5000genes,30,7432,0.009523939788545276,0.028708797604121865
raw_5000genes,31,7432,0.009290665513963242,0.02821314090424415
raw_5000genes,32,7432,0.009260729383395377,0.028299464584973212
raw_5000genes,33,7432,0.006645394512273821,0.0202413206389528
raw_5000genes,34,7432,0.009449186913836031,0.02795436862680038
raw_5000genes,35,7432,0.0,0.0
raw_5000genes,36,7432,0.010704279872338903,0.030879165347605167
raw_5000genes,37,7432,0.00958985429295174,0.0286785869188408
raw_5000genes,38,7432,0.0068348841280259955,0.021921217875761383
raw_5000genes,39,7432,0.007830803879164995,0.025897452508195303
raw_5000genes,40,7432,0.009274264233796658,0.028429876287786215
raw_5000genes,41,7432,0.009044090010807778,0.02778138715910816
raw_5000genes,42,7432,0.006437867717000322,0.020524913126733383
raw_5000genes,43,7432,0.006841199186593702,0.021411115356062146
raw_5000genes,44,7432,0.0051692851699125155,0.01629328385681372
raw_5000genes,45,7432,0.008994563256250055,0.027125765679644923
raw_5000genes,46,7432,0.0065603930756243725,0.02041852729649408
raw_5000genes,47,7432,0.008124417381635348,0.025934766246059955
raw_5000genes,48,7432,0.010383282541412636,0.02999828864179945
raw_5000genes,49,7432,0.0,0.0
raw_5000genes,50,7432,0.0015009994581360242,0.0039510685159348845
PCA_40,1,7432,0.008312484857680316,0.025616870333100724
PCA_40,2,7432,0.002681964147930101,0.008480397921017575
PCA_40,3,7432,0.007963537739438913,0.024790725187900785
PCA_40,4,7432,0.009156715242029817,0.027393082961147373
PCA_40,5,7432,0.009763050417701872,0.02454431390167631
PCA_40,6,7432,0.01405926196611567,0.04146784612234051
PCA_40,7,7432,0.007823770276303986,0.023234049762974197
PCA_40,8,7432,0.009816869114408277,0.023310649659407153
PCA_40,9,7432,0.009293471029801827,0.02225112859653815
PCA_40,10,7432,0.007192934393748046,0.023918274815868886
PCA_40,11,7432,0.01564085199973241,0.04034419908034129
PCA_40,12,7432,0.006705863882624229,0.015674553478002905
PCA_40,13,7432,0.004112448960912542,0.02602592088816119
PCA_40,14,7432,0.009261945613969598,0.028505707130678126
PCA_40,15,7432,0.0102793558571676,0.030967692858341223
PCA_40,16,7432,0.013169922810984006,0.03871999456745798
PCA_40,17,7432,-0.0012080520006921842,0.05003077728162653
PCA_40,18,7432,0.007789919590509033,0.025870999632948324
PCA_40,19,7432,0.010519602400309781,0.031183765091223965
PCA_40,20,7432,0.010686894607469757,0.03130339918559244
PCA_40,21,7432,0.012244112794556249,0.028948833780251756
PCA_40,22,7432,0.0,0.0
PCA_40,23,7432,0.010358626651037739,0.030253236179625588
PCA_40,24,7432,0.011600662969989661,0.03347149388915488
PCA_40,25,7432,-0.004241103490696288,0.009514019591073446
PCA_40,26,7432,0.0037441302150153094,0.013041103111830038
PCA_40,27,7432,0.01283147431455922,0.03754506286316297
PCA_40,28,7432,0.00807176051467038,0.024850902542960168
PCA_40,29,7432,0.01045157565424996,0.031204266727120237
PCA_40,30,7432,0.0054448585396315394,0.012239887265595622
PCA_40,31,7432,0.007946261635495765,0.023847857825297535
PCA_40,32,7432,0.0,0.0
PCA_40,33,7432,0.010953614051963413,0.032856328321372856
PCA_40,34,7432,0.004923474542765713,0.019140484392493873
PCA_40,35,7432,0.013338691212156903,0.033136741122252386
PCA_40,36,7432,0.011474710639897913,0.03446994294687302
PCA_40,37,7432,0.0,0.0
PCA_40,38,7432,0.00542600312690225,0.026097470243182007
PCA_40,39,7432,0.007554333184087523,0.02363327348213778
PCA_40,40,7432,0.007587028088666328,0.026673465818200005
PCA_40,41,7432,0.006618703366596744,0.01973219360676457
PCA_40,42,7432,0.0014548208679568836,0.003919318397306232
PCA_40,43,7432,0.01183632291632402,0.030630206653555245
PCA_40,44,7432,0.014678203173789194,0.03646169477547834
PCA_40,45,7432,0.009143975463492052,0.02216284231257371
PCA_40,46,7432,0.003945863909107842,0.01609833691518736
PCA_40,47,7432,0.012128692061702081,0.029653214309876826
PCA_40,48,7432,0.002573104011059676,0.02555411619135356
PCA_40,49,7432,0.005587352835973346,0.02095068971528654
PCA_40,50,7432,0.010612769900266385,0.0318006474031243
VAE_Z10,1,7432,0.0068367947592013045,0.024119500557181567
VAE_Z10,2,7432,0.0067900639322800126,0.023763909719790807
VAE_Z10,3,7432,0.01605302644368919,0.046447177195162385
VAE_Z10,4,7432,0.009404791007791725,0.03002046532415757
VAE_Z10,5,7432,0.012901493640968945,0.04029009482929658
VAE_Z10,6,7432,0.011585450415624813,0.036679596265625045
VAE_Z10,7,7432,0.01214763125865464,0.037256105677830255
VAE_Z10,8,7432,0.013940927060216246,0.04213674505508397
VAE_Z10,9,7432,0.01437172195769657,0.0423658892905844
VAE_Z10,10,7432,0.00792549130609482,0.027553877779038376
VAE_Z10,11,7432,0.014887984094976648,0.044086610611170696
VAE_Z10,12,7432,0.005432986347108253,0.02784083928005264
VAE_Z10,13,7432,0.006818881229982234,0.024607797790432585
VAE_Z10,14,7432,0.01154867831602159,0.03264243356346645
VAE_Z10,15,7432,0.012981578877264548,0.03764461169220992
VAE_Z10,16,7432,0.011829515830636942,0.03682670961258635
VAE_Z10,17,7432,0.008222948807404335,0.031185392730689033
VAE_Z10,18,7432,0.002754311989736471,0.014448251673235386
VAE_Z10,19,7432,0.004141498531034925,0.03056361920580377
VAE_Z10,20,7432,0.012267981415763069,0.03725244331186935
VAE_Z10,21,7432,0.015062081301054624,0.04639200402608209
VAE_Z10,22,7432,0.012079661927882141,0.03796417239256595
VAE_Z10,23,7432,0.003477707075852825,0.031158225494596292
VAE_Z10,24,7432,0.009608703843964563,0.030783370149109042
VAE_Z10,25,7432,0.010493174348714737,0.034369180417535374
VAE_Z10,26,7432,0.006282871451005101,0.030843880026069522
VAE_Z10,27,7432,0.01587185579348387,0.047442202586966666
VAE_Z10,28,7432,0.009225272190955994,0.03017338276760345
VAE_Z10,29,7432,0.011605415426281837,0.038994704651066144
VAE_Z10,30,7432,0.013163318621897027,0.04246897287213065
VAE_Z10,31,7432,0.009271870468635219,0.029204133381872745
VAE_Z10,32,7432,0.009533724820255222,0.030234174555938326
VAE_Z10,33,7432,0.01159965212405058,0.03554061342635916
VAE_Z10,34,7432,0.014582678154280354,0.0429916988304599
VAE_Z10,35,7432,0.009106099386134214,0.030267904907375676
VAE_Z10,36,7432,0.010668998586943966,0.03383268720931446
VAE_Z10,37,7432,0.011927920803021762,0.036126519171759595
VAE_Z10,38,7432,0.010258901230838495,0.030720199579640048
VAE_Z10,39,7432,0.01429782047780735,0.04185763314879141
VAE_Z10,40,7432,0.012724117611971472,0.03848172762283646
VAE_Z10,41,7432,0.0016493126499644818,0.04069601885608399
VAE_Z10,42,7432,0.009255543641387226,0.0309822313658707
VAE_Z10,43,7432,0.004940852317253894,0.022782226029031127
VAE_Z10,44,7432,0.01019133036620568,0.036885329911625124
VAE_Z10,45,7432,0.009243128960773853,0.029872728168629046
VAE_Z10,46,7432,0.008433105786356076,0.024400509039681585
VAE_Z10,47,7432,0.011899053392967504,0.03592430542792997
VAE_Z10,48,7432,0.006674634140138692,0.026486218228111327
VAE_Z10,49,7432,0.012968691387263937,0.03820435656339942
VAE_Z10,50,7432,0.01313023865539677,0.040586377155017186
VAE_Z20,1,7432,0.009277957299388614,0.02687887221380231
VAE_Z20,2,7432,0.007639888997428881,0.025324478203608964
VAE_Z20,3,7432,0.008188502412729566,0.029705870250479022
VAE_Z20,4,7432,0.010196966818881426,0.030680419473791843
VAE_Z20,5,7432,0.006449309040076285,0.020219290437533243
VAE_Z20,6,7432,0.016374107656093262,0.04032554914452878
VAE_Z20,7,7432,0.007848703930869715,0.02633735613932355
VAE_Z20,8,7432,0.010802128594451415,0.03159110516990773
VAE_Z20,9,7432,0.009118815711390027,0.027022284527456898
VAE_Z20,10,7432,0.0049954715186025294,0.01839060270053036
VAE_Z20,11,7432,0.003806546231861783,0.016720251568255098
VAE_Z20,12,7432,0.008744710124206715,0.02596595796978133
VAE_Z20,13,7432,0.010662585491701923,0.03318346877362633
VAE_Z20,14,7432,0.004937741273771881,0.01925334334657591
VAE_Z20,15,7432,0.0071540975300228545,0.021766695781614206
VAE_Z20,16,7432,0.010929888429236895,0.03333230062273968
VAE_Z20,17,7432,0.007738662965613255,0.025763754867882932
VAE_Z20,18,7432,0.005048464466717764,0.01885968050371364
VAE_Z20,19,7432,0.3170070903773781,0.46578439745455646
VAE_Z20,20,7432,0.005106515515818788,0.018768841072060973
VAE_Z20,21,7432,0.0074760698119892355,0.02569281716325801
VAE_Z20,22,7432,0.005904836989315822,0.02408719828204158
VAE_Z20,23,7432,0.005450043921786546,0.01971647569512627
VAE_Z20,24,7432,0.005104220015445742,0.01970380610784226
VAE_Z20,25,7432,0.006879454117222103,0.021906279546024175
VAE_Z20,26,7432,0.008935970876355049,0.029592443925820774
VAE_Z20,27,7432,0.006933298450385428,0.022790353105523038
VAE_Z20,28,7432,0.004807794379749586,0.016796115642189722
VAE_Z20,29,7432,0.008923792040644486,0.03460685955198547
VAE_Z20,30,7432,0.008197625436382248,0.02850265471603045
VAE_Z20,31,7432,0.006504541860673873,0.019612167776991003
VAE_Z20,32,7432,0.007201798095291922,0.024546465221159178
VAE_Z20,33,7432,0.009446291951251915,0.030081326545271538
VAE_Z20,34,7432,0.006911121738443184,0.023003601200779156
VAE_Z20,35,7432,0.009260260689827734,0.027991509682308572
VAE_Z20,36,7432,0.0074772177481653036,0.025649320236339274
VAE_Z20,37,7432,0.00938710424497703,0.030282155170000817
VAE_Z20,38,7432,0.008972014588597926,0.028319356024892942
VAE_Z20,39,7432,0.009893732326326538,0.029083528822533185
VAE_Z20,40,7432,0.006929224522787589,0.027944891382592707
VAE_Z20,41,7432,0.011995459178902577,0.029878076550444863
VAE_Z20,42,7432,0.002497734240998346,0.013008756422420577
VAE_Z20,43,7432,0.0052940764567549845,0.019491507928805826
VAE_Z20,44,7432,0.33098487691063566,0.4717429802183214
VAE_Z20,45,7432,0.003939068633128118,0.013699984891109922
VAE_Z20,46,7432,0.3210212815704759,0.45563218819171286
VAE_Z20,47,7432,0.00633556373091445,0.024415172529927098
VAE_Z20,48,7432,0.00914121218190452,0.0318479346999734
VAE_Z20,49,7432,0.010919144781576854,0.033799710166360984
VAE_Z20,50,7432,0.004923445530067936,0.018897085235395485
VAE_Z40,1,7432,0.009373686578066684,0.029153374732633863
VAE_Z40,2,7432,0.011444412446130441,0.03455340291861052
VAE_Z40,3,7432,0.010688041678726395,0.03208533851619508
VAE_Z40,4,7432,0.00942953689749188,0.028865228777498544
VAE_Z40,5,7432,0.006456692694688892,0.02457197051817776
VAE_Z40,6,7432,0.012011178077903755,0.03513396517472371
VAE_Z40,7,7432,0.00898014214965032,0.026546007846767743
VAE_Z40,8,7432,0.00819979840633041,0.0310481902980382
VAE_Z40,9,7432,0.007831048728786516,0.023430288140144386
VAE_Z40,10,7432,0.007789957684520079,0.02847536606334345
VAE_Z40,11,7432,0.009572824914699825,0.03695885649123284
VAE_Z40,12,7432,0.007733072061159846,0.02401377900167205
VAE_Z40,13,7432,0.005261076277220271,0.015866631489649136
VAE_Z40,14,7432,0.01078330680500557,0.03227749101998439
VAE_Z40,15,7432,0.008376807153576,0.025860497442964057
VAE_Z40,16,7432,-0.00015069872033362513,0.006856599031974081
VAE_Z40,17,7432,0.004045300195047901,0.01444961631918686
VAE_Z40,18,7432,0.010268109766984277,0.025186802243178326
VAE_Z40,19,7432,0.012057592802656579,0.02996236342635404
VAE_Z40,20,7432,0.0064491930735074,0.021444958058741678
VAE_Z40,21,7432,0.01052244694206317,0.031067826737430634
VAE_Z40,22,7432,0.007695402413911114,0.02628445994093631
VAE_Z40,23,7432,0.0041120801270853645,0.01886342693527767
VAE_Z40,24,7432,0.010927883638983907,0.0368239211614355
VAE_Z40,25,7432,0.0065989200187115665,0.026293251346821842
VAE_Z40,26,7432,0.010639115085823204,0.033148992887413284
VAE_Z40,27,7432,0.003917874703693424,0.017529111758376476
VAE_Z40,28,7432,0.00805553749012737,0.01926089715772462
VAE_Z40,29,7432,0.0051754747977928815,0.018715445827389758
VAE_Z40,30,7432,0.013502904839362936,0.030856071634201017
VAE_Z40,31,7432,0.012361770991514125,0.03037329364533795
VAE_Z40,32,7432,0.3084639233471143,0.4320997282055447
VAE_Z40,33,7432,0.00935295624651398,0.028844473036384707
VAE_Z40,34,7432,0.010670720729367452,0.03145856048403089
VAE_Z40,35,7432,0.007151004681311805,0.03084081078644063
VAE_Z40,36,7432,0.009604333045430614,0.02880389293956578
VAE_Z40,37,7432,0.011608511210910834,0.029258146713864192
VAE_Z40,38,7432,0.006449075139613531,0.02036392848740268
VAE_Z40,39,7432,0.007973418251703291,0.02606651981022142
VAE_Z40,40,7432,0.00930376796194565,0.033300220928602506
VAE_Z40,41,7432,0.011418248468308061,0.02637012687588643
VAE_Z40,42,7432,0.00799962173518064,0.023727572448103442
VAE_Z40,43,7432,0.0038378026445119832,0.017006037566161907
VAE_Z40,44,7432,0.008794777394221142,0.026620467717036893
VAE_Z40,45,7432,0.008258214232238204,0.02640855021290577
VAE_Z40,46,7432,0.0037733941702113444,0.01277747109575144
VAE_Z40,47,7432,0.008293007898062147,0.024674726325516743
VAE_Z40,48,7432,0.0069474958986748825,0.017952720265391388
VAE_Z40,49,7432,0.006653012421646948,0.024949903956576067
VAE_Z40,50,7432,0.009271049337902751,0.033252281712865796
